Frame,Time,Episode,Reward,Loss
26658807,00:01:00,60184.0,1630.0416568106748,33501.62092168568
26664133,00:02:00,60266.0,668.6115539530554,35345.32616574975
26669423,00:03:00,60341.0,274.10785813963173,31417.129919479514
26674776,00:04:00,60417.0,83.50915330316433,28897.218962424395
26680143,00:05:00,60495.0,-3.694352276208411,26581.230270946417
26685505,00:06:00,60570.0,-45.506657896316966,26264.67635306609
26690913,00:07:00,60624.0,-48.683449303940264,27620.875125583352
26696276,00:08:00,60692.0,-59.962416393782256,28662.13352928169
26701661,00:09:00,60780.0,-73.93948741025172,27495.746512740232
26707015,00:10:00,60870.0,-81.6482348193797,23179.511396877242
26712380,00:11:00,60955.0,-91.4810079453263,21767.815709713002
26717738,00:12:00,61049.0,-99.00974443404887,17890.5575972498
26723134,00:13:00,61141.0,-99.24680154028735,19903.484150922366
26728518,00:14:00,61239.0,-98.666006849303,19553.57621367803
26733915,00:15:00,61330.0,-97.61602541680313,18588.620298056587
26739246,00:16:00,61432.0,-101.48833331328034,17622.308072632866
26744642,00:17:00,61535.0,-105.38707752869915,18353.386869272643
26750000,00:18:00,61635.0,-104.81328891303858,18248.213098415177
26755436,00:19:00,61714.0,-96.39902431674946,21365.62450824051
26760919,00:20:00,61748.0,-79.34669381518319,23206.285536095053
26766445,00:21:00,61801.0,-63.941378844787444,28141.37275430163
26771856,00:22:00,61884.0,-73.30902212146674,28107.991327082353
26777269,00:23:00,61977.0,-87.60049514024931,25567.484924674773
26782722,00:24:01,62058.0,-90.30076484095801,26681.772767541916
26788254,00:25:01,62108.0,-71.5383481805322,30135.77653433174
26793750,00:26:01,62147.0,-63.48371760436348,34276.35131289832
26799195,00:27:01,62223.0,-71.41742804274422,34601.063478141215
26804730,00:28:01,62270.0,-76.3733960488244,33425.29694876004
26810231,00:29:01,62313.0,-50.376326551720226,33973.03232417097
26815715,00:30:01,62371.0,-60.655123506989625,35232.39427066186
26821180,00:31:01,62433.0,-68.02250109606994,34385.329056930226
26826599,00:32:01,62504.0,-75.28572769940648,31559.968808786223
26832032,00:33:01,62575.0,-73.4468134384156,31775.783308813086
26837523,00:34:01,62639.0,-72.11817197654915,31318.587028203066
26843007,00:35:01,62709.0,-75.82529120449817,26548.263836778933
26848476,00:36:01,62779.0,-78.60478896135118,23570.49190227661
26853934,00:37:01,62844.0,-77.58574795882984,23937.926789608704
26859457,00:38:01,62905.0,-77.04656986941195,25842.307007550004
26864926,00:39:01,62953.0,-69.29505761143417,29160.45138724977
26870445,00:40:01,62995.0,-58.506450107620104,32799.06221377989
26875940,00:41:01,63049.0,-59.986845752056006,32352.789263379764
26881398,00:42:01,63109.0,-62.35039087111723,33114.15235474819
26886969,00:43:01,63152.0,-53.265411222043205,34207.831117475514
26892460,00:44:01,63201.0,-52.034521857415115,33769.25800413358
26898005,00:45:01,63249.0,-61.24929989347872,32418.469961589042
26903508,00:46:01,63303.0,-58.798679270713286,34663.36181357706
26909018,00:47:01,63351.0,-64.35706577844343,32626.079838103946
26914538,00:48:01,63389.0,-50.6293290294986,34021.95621404794
26920068,00:49:01,63434.0,-48.36386404193718,32357.912121084577
26925361,00:50:01,63498.0,-51.22987165473926,33176.89942987361
26930801,00:51:01,63566.0,-65.93321334546283,32221.929563525086
26936349,00:52:02,63601.0,-50.75490806166063,34747.32554175796
26941881,00:53:02,63644.0,-53.76393140296622,36368.187534319295
26947361,00:54:02,63704.0,-52.832320139144734,33608.5715291528
26952817,00:55:02,63763.0,-55.69503568439545,31869.227063330454
26958291,00:56:02,63815.0,-65.53403519699442,31362.575242121056
26963694,00:57:02,63868.0,-57.46818037754035,31752.57080685014
26969151,00:58:02,63937.0,-65.48449207556081,30681.915347667004
26974567,00:59:02,64022.0,-81.48668297216692,28543.237451299825
26979964,01:00:02,64098.0,-82.10474014836458,25612.071035808145
26985437,01:01:02,64162.0,-78.32705760173087,25928.964206231107
26990930,01:02:02,64233.0,-78.80968908133201,26246.45299357123
26996376,01:03:02,64293.0,-76.78682452870896,33223.77401364836
27001825,01:04:02,64360.0,-73.7264654139947,32879.095768062376
27007306,01:05:02,64424.0,-69.64808486574935,31515.242714479708
27012752,01:06:02,64484.0,-65.40426232388518,35476.34582796468
27018186,01:07:02,64556.0,-68.13998933849918,34443.97384945309
27023606,01:08:02,64617.0,-65.86639132801024,34912.24801840891
27029117,01:09:02,64662.0,-60.881915498682304,34916.08180014931
27034623,01:10:02,64714.0,-60.48312935154647,31986.97484473146
27040044,01:11:02,64784.0,-71.60272175091902,31319.163771891974
27045470,01:12:02,64853.0,-70.13210194981396,30101.60528753305
27050963,01:13:02,64916.0,-73.84423184935487,29997.18356385003
27056457,01:14:02,64972.0,-65.30907663923753,29694.644383669078
27061913,01:15:02,65028.0,-69.10590687325652,28126.401108075777
27067447,01:16:02,65061.0,-57.63294500360899,30107.941027575358
27073012,01:17:02,65099.0,-33.998725349809526,36538.813593623956
27078520,01:18:02,65135.0,-35.16915194745102,35938.29845737121
27084033,01:19:03,65169.0,-24.175454532138225,38832.43757314082
27089601,01:20:03,65205.0,-22.50260824831007,36823.60173179814
27095103,01:21:03,65244.0,-19.68688068213576,33061.27155487523
27100693,01:22:03,65281.0,-14.645797362424915,34224.45978625079
27106201,01:23:03,65328.0,-27.469382728109704,37414.20175746888
27111705,01:24:03,65370.0,-27.79931372733924,35555.35246639982
27117226,01:25:03,65415.0,-34.98152273259078,35786.297116908834
27122759,01:26:03,65442.0,-23.490935791623375,33851.92219517546
27128286,01:27:03,65474.0,-25.98313958936398,33597.28268667457
27133802,01:28:03,65500.0,2.459471849649107,38196.19584557553
27139315,01:29:03,65542.0,-2.8457867388996876,39008.98741110112
27144786,01:30:03,65579.0,-5.077664880942368,39891.063763003775
27150268,01:31:03,65632.0,-27.97576996933165,38436.334483618535
27155857,01:32:03,65653.0,-21.767316794903593,37294.29727804839
27161340,01:33:03,65691.0,-8.779016114543078,37115.726482369195
27166631,01:34:03,65712.0,5.202790544638135,36175.79977057397
27172178,01:35:03,65746.0,4.274472557395043,36207.47711777071
27177694,01:36:03,65777.0,-1.072928769503136,34577.85582157353
27183276,01:37:03,65804.0,9.462661764733715,35704.169217719944
27188738,01:38:03,65852.0,5.303685020636405,34968.3079848308
27194283,01:39:03,65880.0,11.251252230845237,33238.00175005328
27199750,01:40:03,65932.0,-15.893661441920882,33483.170951844535
27205210,01:41:03,65972.0,-22.503302170494006,34930.87866717792
27210735,01:42:03,66005.0,-16.504845051433794,33126.27089660119
27216241,01:43:04,66039.0,-3.391615308190082,33594.8961285144
27221804,01:44:04,66070.0,8.533734342955967,32818.951302575944
27227337,01:45:04,66103.0,2.0618144178148197,36324.74938123028
27232816,01:46:04,66137.0,-4.304449383835473,39660.45098185497
27238356,01:47:04,66154.0,4.504545491573775,38382.26462003723
27243838,01:48:04,66207.0,0.39002243235362966,38686.02757375393
27248842,01:49:04,66260.0,-32.07769926919591,41068.43313104595
27254179,01:50:04,66284.0,-11.933707960655564,40601.97661190668
27259649,01:51:04,66330.0,-32.26967070485746,38433.68620460351
27265268,01:52:04,66353.0,-29.335314333915978,38634.68570586251
27270772,01:53:04,66395.0,-32.589543010645336,39017.22070325341
27276351,01:54:04,66423.0,11.107990101189582,38809.67507679821
27281863,01:55:04,66458.0,6.528548622038683,37706.179035865345
27287464,01:56:04,66494.0,-1.4169439336387857,38891.61774084343
27293017,01:57:04,66532.0,-4.3802893573157355,38337.746367038744
27298610,01:58:04,66570.0,-11.425391635519867,36684.65665191969
27304170,01:59:04,66594.0,8.929308283144346,36691.30433966746
27309650,02:00:04,66648.0,-12.596132656721878,37647.39645648189
27315134,02:01:04,66699.0,-30.446473526109045,37391.454653400135
27320696,02:02:04,66725.0,-11.2647578743618,39884.65274731122
27326213,02:03:04,66750.0,-20.696111186067007,37351.90535600984
27331812,02:04:04,66776.0,11.114792436365772,39327.016803501734
27337376,02:05:04,66802.0,19.698087640244882,41495.85712447467
27342965,02:06:04,66821.0,38.81529826396509,38987.25596953076
27348587,02:07:04,66838.0,51.57517109769253,39115.44447612672
27354138,02:08:04,66864.0,32.968121598117186,37194.13714568874
27359588,02:09:04,66871.0,48.23070195958127,38542.77231133604
27365119,02:10:04,66905.0,94.0898581373139,42736.57703470187
27370666,02:11:04,66951.0,47.5686975014248,41801.122131502205
27376156,02:12:04,66996.0,18.490204791092037,36511.77339628665
27381032,02:13:04,67011.0,11.967926076328412,37470.80280809764
27385928,02:14:04,67040.0,28.37108503032489,38500.758464825594
27390294,02:15:05,67065.0,30.026788304449806,39778.16057323523
27395860,02:16:05,67085.0,48.91426175573593,40698.12272188111
27401469,02:17:05,67106.0,37.57084902302931,40105.41728137962
27407025,02:18:05,67128.0,66.63226861415873,38959.366664664514
27412589,02:19:05,67138.0,67.5243124070536,38184.84489911873
27418175,02:20:05,67159.0,90.64266985971165,39449.87007845649
27423793,02:21:05,67160.0,103.46895703167279,40786.55530241785
27429361,02:22:05,67181.0,150.7241246052032,40735.90506621962
27434924,02:23:05,67202.0,131.9681226453031,40462.615032563226
27440501,02:24:05,67240.0,93.61755307842847,40637.7825805968
27446102,02:25:05,67266.0,87.5708632181731,41538.18665387446
27451602,02:26:05,67326.0,17.96746225160675,38025.836078280794
27457125,02:27:05,67366.0,6.1415908185211965,36808.84001834924
27462557,02:28:05,67373.0,16.815600004672888,36110.22769284477
27468125,02:29:06,67394.0,61.34915176992876,37434.29417480131
27473591,02:30:06,67416.0,70.20720112180894,35720.79074273976
27479179,02:31:06,67449.0,50.742914377387415,36531.54670341858
27484747,02:32:06,67463.0,55.32116247527085,37888.49443832365
27490107,02:33:06,67495.0,69.20387081654953,42022.88389816185
27495649,02:34:06,67524.0,60.36487994765794,41338.37987881075
27501187,02:35:06,67545.0,57.7659784133125,40815.90763362327
27506801,02:36:06,67562.0,60.4786597395269,38625.77676115638
27512334,02:37:06,67594.0,59.08304699108053,39912.85858862503
27517924,02:38:06,67615.0,84.16028233835695,37461.67631073564
27523443,02:39:06,67648.0,63.700392438559504,37696.95453020789
27528994,02:40:06,67662.0,53.05742680870186,37669.934945130866
27534559,02:41:06,67683.0,87.81490929285872,38409.586003647964
27540159,02:42:06,67691.0,84.95645816274266,38163.27990043816
27545746,02:43:06,67710.0,100.61346088425833,36383.07619064507
27551364,02:44:06,67724.0,135.51004497383835,37085.34117340318
27556960,02:45:06,67745.0,107.5528076461358,35962.51254315416
27562521,02:46:06,67761.0,151.11520066448531,35643.688577132205
27568134,02:47:06,67793.0,108.02873466813037,37604.939401462696
27573634,02:48:06,67811.0,126.89128503998312,39513.53513824245
27579214,02:49:07,67841.0,93.15126407017365,41749.54279437921
27584738,02:50:07,67875.0,70.47703474277354,41275.7441929284
27590244,02:51:07,67897.0,54.883265981962275,41139.81973893353
27595772,02:52:07,67917.0,67.20059232712464,42995.356744753786
27601423,02:53:07,67923.0,85.42676030484485,42852.794294846164
27606994,02:54:07,67935.0,87.03185029258998,43481.611790877454
27612460,02:55:07,67948.0,79.23409766709663,41287.02142012126
27618073,02:56:07,67961.0,183.4573252384745,45256.02709183228
27623646,02:57:07,67991.0,133.09251431914421,44824.13054206568
27629248,02:58:07,67995.0,147.43875271284125,45532.478940074165
27634777,02:59:07,68011.0,204.83330477879184,44788.69976051438
27640357,03:00:07,68021.0,180.23651211083603,42619.328440341655
27645944,03:01:07,68038.0,185.81524897415946,41827.461048697594
27651462,03:02:07,68046.0,195.47277222324038,41118.449489122104
27657009,03:03:07,68057.0,229.60536661027876,40394.23600421682
27662634,03:04:08,68074.0,213.47120860603408,38680.532606853674
27668246,03:05:08,68088.0,255.83422799707097,38029.999908819336
27673783,03:06:08,68092.0,257.376796475472,38645.80749007984
27679204,03:07:08,68094.0,280.15183959868654,39026.584702425265
27684727,03:08:08,68107.0,299.24715851209555,39474.155184653886
27690288,03:09:08,68127.0,316.35403678832637,38133.11079137906
27695738,03:10:08,68142.0,274.72065804754084,37135.90911560769
27701310,03:11:08,68153.0,309.8499196359162,37670.52442265845
27706928,03:12:08,68163.0,293.1814530390494,39176.04730776086
27712524,03:13:08,68180.0,255.98226207235336,37579.39709822699
27718091,03:14:08,68193.0,223.52146132279387,37305.07719643513
27723675,03:15:08,68205.0,260.12987921815727,39470.792759991
27729251,03:16:08,68221.0,225.47960655259686,37743.65775741271
27734892,03:17:08,68225.0,234.69176935964927,37383.15515907892
27740521,03:18:08,68235.0,262.256213986926,39136.93517725752
27746095,03:19:08,68258.0,309.58407197515373,41785.13035127473
27751610,03:20:08,68271.0,289.17966441298825,41465.38667758333
27757244,03:21:08,68278.0,295.9640302358639,42783.86886471141
27762783,03:22:08,68301.0,292.4952524668533,40227.01512769533
27768382,03:23:08,68320.0,254.6860873173566,40524.26828463019
27773965,03:24:08,68334.0,231.51574622758426,39337.49791964353
27779555,03:25:08,68342.0,227.83450123321714,38679.50283627354
27785180,03:26:08,68345.0,221.85059410044906,38942.277114016775
27790817,03:27:08,68345.0,221.85059410044906,38942.277114016775
27796400,03:28:08,68363.0,344.15123884056885,38612.98924504687
27801909,03:29:08,68381.0,304.8567556515781,37486.91857418224
27807495,03:30:08,68401.0,272.65989117757726,36287.3963198727
27813052,03:31:08,68411.0,282.27368091038954,34945.52772694035
27818615,03:32:08,68426.0,289.6040133059698,34541.83380314109
27824201,03:33:08,68444.0,252.7014853650784,34132.899260419515
27829746,03:34:08,68474.0,211.74688061170423,34336.17796032438
27835351,03:35:09,68486.0,220.59732476707157,33449.8333164605
27840907,03:36:09,68513.0,182.35873720761353,34467.0269545695
27846495,03:37:09,68533.0,165.41050462272295,32774.80367145536
27852055,03:38:09,68553.0,140.12082100725513,33835.128297160554
27857627,03:39:09,68560.0,181.02520305114749,34019.39496514553
27863186,03:40:09,68571.0,202.46846060695157,36518.267171891086
27868800,03:41:09,68580.0,211.21063070408474,35311.10996532731
27874398,03:42:09,68586.0,244.7064321038273,34444.86222424039
27880023,03:43:09,68593.0,280.266215653533,33254.490484085254
27885663,03:44:09,68599.0,266.60359061653656,32902.20590784123
27891293,03:45:09,68608.0,291.4346394360799,32966.21082573688
27896797,03:46:09,68617.0,281.0878718101791,33702.281578522765
27902271,03:47:09,68622.0,342.1576919317139,33549.343632923716
27907901,03:48:09,68622.0,342.1576919317139,33549.343632923716
27913530,03:49:09,68622.0,342.1576919317139,33549.343632923716
27919156,03:50:09,68625.0,438.70571722876423,33006.73252681306
27924733,03:51:09,68636.0,410.9468405366347,32809.6982134574
27930274,03:52:09,68654.0,437.39085532698743,32466.69031422254
27935859,03:53:09,68663.0,490.8849849435169,31717.040531060822
27941453,03:54:09,68673.0,485.9558964541066,32536.458166592452
27947067,03:55:09,68685.0,483.68351089997117,32203.586668113705
27952723,03:56:09,68689.0,479.9414799521089,31873.52793365368
27958317,03:57:09,68696.0,500.8315948238197,31538.845277602515
27963948,03:58:09,68706.0,517.8710322265778,31720.161292050103
27969539,03:59:09,68708.0,523.6721987986344,31724.506693484822
27975155,04:00:09,68716.0,522.8417991884793,31318.507999706468
27980756,04:01:09,68720.0,525.3309233219313,32163.097245959383
27986406,04:02:09,68727.0,496.991231021531,31621.833429574006
27991997,04:03:09,68738.0,606.6905547966655,32506.774632520886
27997614,04:04:09,68745.0,589.0634272664511,32506.10090194999
28003234,04:05:09,68759.0,540.2943621861943,31090.849299337835
28008847,04:06:09,68765.0,561.0838009514473,31171.17317715294
28014469,04:07:10,68769.0,537.8329809459685,31084.954537812955
28020084,04:08:10,68772.0,544.4937870631543,31527.00344911097
28025527,04:09:10,68778.0,538.6932486203485,32939.3891713742
28031112,04:10:10,68778.0,538.6932486203485,32939.3891713742
28036689,04:11:10,68788.0,562.6801092740731,33866.79395593253
28042333,04:12:10,68798.0,607.8240755476792,33559.35682963204
28047950,04:13:10,68810.0,532.267412985938,31761.414966419736
28053378,04:14:10,68815.0,582.2233548510349,31636.555949755093
28058955,04:15:10,68826.0,640.2203501489337,31720.426564738533
28064471,04:16:10,68843.0,563.6441555187307,30981.27398419118
28070043,04:17:10,68865.0,463.6341120893876,34478.4886937456
28075631,04:18:10,68870.0,460.82063354832474,34913.72365477729
28081214,04:19:10,68889.0,427.63890323290343,36809.35187197227
28086801,04:20:10,68894.0,447.8368598015668,37444.47927373385
28092445,04:21:10,68898.0,465.93872286665135,37455.94662226953
28098026,04:22:10,68910.0,497.2718710784713,37196.28988058223
28103547,04:23:10,68948.0,327.5895253251086,41070.283949310004
28109172,04:24:10,68954.0,332.1051805090851,40324.74775797204
28114804,04:25:10,68954.0,332.1051805090851,40324.74775797204
28120456,04:26:11,68960.0,369.1752569432375,39484.5351017459
28126082,04:27:11,68962.0,409.8253469025853,39301.28633638994
28131704,04:28:11,68971.0,464.4596445997525,39403.496424374745
28137315,04:29:11,68976.0,487.1464137648473,38377.79090776619
28142941,04:30:11,68981.0,488.64522330967316,38980.841069149355
28148449,04:31:11,69000.0,472.8243988054294,39772.18868069119
28153993,04:32:11,69022.0,395.68518924463905,39963.160015568865
28159596,04:33:11,69026.0,408.5677832263425,40560.802478957434
28165205,04:34:11,69034.0,391.60276460569435,39239.8691630342
28170764,04:35:11,69058.0,386.9293598895607,39657.31266931376
28176322,04:36:11,69101.0,237.86698642822685,39553.25653218492
28181931,04:37:11,69131.0,178.52789722072208,36419.95398239466
28187524,04:38:11,69137.0,175.45500543783,36216.67792041162
28193152,04:39:11,69137.0,175.45500543783,36216.67792041162
28198711,04:40:11,69147.0,207.14606887332417,35210.82397081087
28204336,04:41:11,69153.0,201.02711234005793,35671.63010771165
28209912,04:42:11,69154.0,270.395555307104,35680.473247637514
28215523,04:43:11,69168.0,249.08927430436864,35387.64531256602
28221203,04:44:11,69169.0,313.02620487221645,35434.2324739219
28226852,04:45:12,69178.0,400.1581432840776,35356.14827850055
28232466,04:46:12,69182.0,408.4633779005458,34633.89553526142
28238132,04:47:12,69182.0,408.4633779005458,34633.89553526142
28243759,04:48:12,69189.0,440.50532287821426,35792.87764841627
28249304,04:49:12,69208.0,474.26429028107725,36618.47738983942
28254923,04:50:12,69210.0,484.46217246635507,37007.146263804374
28260538,04:51:12,69211.0,496.834616921682,36657.88740548161
28266091,04:52:12,69211.0,496.834616921682,36657.88740548161
28271448,04:53:12,69214.0,531.136345203708,37101.59066255108
28276855,04:54:12,69216.0,536.7207556199638,37740.8790112339
28282485,04:55:12,69217.0,613.7777292487899,37408.448616979294
28288076,04:56:12,69221.0,712.4576960178157,36959.47968226948
28293697,04:57:12,69224.0,693.7580437721624,36249.68902064347
28299326,04:58:12,69226.0,781.9859853377316,37119.77219443829
28304965,04:59:12,69227.0,816.6438041225832,36961.685756395615
28310636,05:00:12,69231.0,822.0971925423704,36913.02320739446
28316022,05:01:13,69232.0,919.767409778738,36571.31867074236
28321255,05:02:13,69233.0,911.4866719752534,36334.93361396543
28326595,05:03:13,69237.0,910.9605747408531,36263.37350342671
28332255,05:04:13,69239.0,995.6745756878112,36589.47589895359
28337891,05:05:13,69239.0,995.6745756878112,36589.47589895359
28343571,05:06:13,69242.0,1140.8362272788872,37401.952445617986
28349212,05:07:13,69242.0,1140.8362272788872,37401.952445617986
28354807,05:08:13,69246.0,1124.2303052383802,37036.63389140322
28360425,05:09:13,69246.0,1124.2303052383802,37036.63389140322
28366043,05:10:13,69250.0,1221.6561120274541,36941.986364229895
28371647,05:11:13,69250.0,1221.6561120274541,36941.986364229895
28377214,05:12:13,69252.0,1255.592254828363,36709.80163881053
28382583,05:13:13,69262.0,1296.2497853867415,37695.25147783763
28388070,05:14:13,69292.0,983.4954782451592,41877.224891585436
28393670,05:15:13,69296.0,973.257310760904,41457.685637535615
28399147,05:16:13,69300.0,957.6031295600335,42445.18542383494
28404757,05:17:13,69300.0,957.6031295600335,42445.18542383494
28410232,05:18:13,69300.0,957.6031295600335,42445.18542383494
28415748,05:19:13,69300.0,957.6031295600335,42445.18542383494
28421345,05:20:14,69303.0,1004.441127978733,43075.8956021305
28426938,05:21:14,69307.0,1041.3513538638997,42066.56307626063
28432506,05:22:14,69314.0,1153.7534583230567,43222.205540521645
28438020,05:23:14,69323.0,1070.8914931392935,43195.35841836944
28443660,05:24:14,69331.0,1028.526070838743,41841.58757321288
28449240,05:25:14,69338.0,960.6000551675243,42002.50357895128
28454896,05:26:14,69338.0,960.6000551675243,42002.50357895128
28460522,05:27:14,69342.0,1023.4625124352194,43222.34084873877
28466166,05:28:14,69345.0,1059.1666463045499,43124.79552147471
28471824,05:29:14,69349.0,1100.3778182560295,43464.914381473944
28477399,05:30:14,69370.0,992.9645143028312,41875.15323026245
28482951,05:31:14,69405.0,695.8011632836477,40993.27119987672
28488524,05:32:14,69428.0,567.1578497609676,43474.18915474043
28493907,05:33:14,69439.0,534.8137597867657,43290.869677412054
28499175,05:34:14,69439.0,534.8137597867657,43290.869677412054
28504693,05:35:14,69448.0,558.5028724872859,42681.03137650715
28510275,05:36:14,69455.0,548.9953176684462,41398.091511042694
28515940,05:37:14,69460.0,545.8601540539843,42599.053434734735
28521545,05:38:14,69468.0,507.0169121475613,41522.00679153516
28527165,05:39:14,69472.0,502.94720914144284,41242.66931658911
28532757,05:40:14,69485.0,565.3975986491421,40295.37074159491
28538358,05:41:15,69512.0,493.12179989515244,40021.36721176907
28543939,05:42:15,69539.0,397.9418902949559,39590.85300271218
28549493,05:43:15,69556.0,360.7096799423703,37768.48779333625
28555119,05:44:15,69566.0,351.9830706542985,36642.33867254597
28560764,05:45:15,69569.0,349.4852603108512,36213.86179739463
28566412,05:46:15,69569.0,349.4852603108512,36213.86179739463
28572030,05:47:15,69576.0,408.25569858354805,36543.16499988341
28577568,05:48:15,69585.0,423.94683825214287,36922.8977175712
28583195,05:49:15,69590.0,413.06134322400686,35579.98080584931
28588806,05:50:15,69590.0,413.06134322400686,35579.98080584931
28594275,05:51:15,69596.0,485.0058136449258,34848.0034825548
28599944,05:52:15,69596.0,485.0058136449258,34848.0034825548
28605541,05:53:15,69596.0,485.0058136449258,34848.0034825548
28611052,05:54:15,69599.0,628.6528589134338,34183.30590100367
28616469,05:55:15,69600.0,729.0149842007775,33909.318988968196
28622075,05:56:15,69601.0,729.4983274410375,33592.490870568625
28627698,05:57:15,69603.0,729.9488698795707,33378.9262142012
28633288,05:58:15,69610.0,821.8651456266989,33357.65733810951
28638936,05:59:15,69612.0,814.0958796969794,33736.702881987236
28644558,06:00:15,69614.0,877.7994920582066,33826.61889956193
28650164,06:01:15,69619.0,900.8079933076552,35635.71224642844
28655726,06:02:15,69634.0,884.4372288100532,35506.47588604233
28661111,06:03:16,69637.0,861.7553822680574,35211.07619878449
28666567,06:04:16,69640.0,872.6450832710628,36042.01311293066
28672192,06:05:16,69641.0,903.2867476492746,36250.59168772312
28677586,06:06:16,69641.0,903.2867476492746,36250.59168772312
28682864,06:07:16,69647.0,887.9459394159893,36070.01895082905
28688114,06:08:16,69648.0,922.2813171578742,35774.94010183108
28693690,06:09:16,69664.0,861.9510852832743,36297.22052380891
28699293,06:10:16,69664.0,861.9510852832743,36297.22052380891
28704771,06:11:16,69669.0,947.946704145139,37076.05172704423
28710380,06:12:16,69669.0,947.946704145139,37076.05172704423
28715903,06:13:16,69669.0,947.946704145139,37076.05172704423
28721351,06:14:16,69680.0,976.7612672354635,37563.4985598914
28726974,06:15:16,69680.0,976.7612672354635,37563.4985598914
28732604,06:16:16,69682.0,1037.5101610916372,38687.909223060684
28738075,06:17:16,69682.0,1037.5101610916372,38687.909223060684
28743718,06:18:16,69684.0,1118.5860418654381,38827.87694223979
28749293,06:19:16,69693.0,1169.2686666857273,39825.72118086863
28754875,06:20:16,69702.0,1136.8330530203734,38797.161943369996
28760513,06:21:16,69705.0,1104.0126796547388,38833.852758767884
28766077,06:22:16,69738.0,858.926223798156,38964.22995226944
28771670,06:23:16,69745.0,810.9196951252682,39822.134365630765
28777162,06:24:16,69782.0,580.3740705528047,37842.11142800965
28782746,06:25:16,69793.0,540.9911091809239,40375.93795948238
28788336,06:26:16,69805.0,497.45559698867794,39198.875238760236
28793930,06:27:16,69805.0,497.45559698867794,39198.875238760236
28799543,06:28:17,69805.0,497.45559698867794,39198.875238760236
28805074,06:29:17,69805.0,497.45559698867794,39198.875238760236
28810590,06:30:17,69806.0,552.9062460840763,39782.29164977424
28816127,06:31:17,69806.0,552.9062460840763,39782.29164977424
28821745,06:32:17,69810.0,631.1915651499743,39369.53820957429
28827249,06:33:17,69820.0,759.2879825365898,39073.2703791503
28832510,06:34:17,69821.0,776.3363954002659,39175.34682851642
28838010,06:35:17,69821.0,776.3363954002659,39175.34682851642
28843584,06:36:17,69821.0,776.3363954002659,39175.34682851642
28849193,06:37:17,69821.0,776.3363954002659,39175.34682851642
28854665,06:38:17,69829.0,934.0294934402572,39189.7095472648
28859571,06:39:17,69830.0,944.9741265985613,39102.17523910293
28865025,06:40:17,69836.0,898.2373341063429,39198.74378577569
28870616,06:41:17,69839.0,868.6653418320004,38727.7512388589
28876193,06:42:17,69843.0,934.0159849932933,37745.28481478029
28881569,06:43:17,69843.0,934.0159849932933,37745.28481478029
28887173,06:44:17,69844.0,979.1257868288675,37441.614410526185
28892733,06:45:17,69860.0,1016.4612399282374,38104.152178571676
28898363,06:46:17,69860.0,1016.4612399282374,38104.152178571676
28903960,06:47:17,69862.0,1036.4624151794042,38962.27640385625
28909545,06:48:17,69862.0,1036.4624151794042,38962.27640385625
28914940,06:49:17,69864.0,1162.7354492783727,38842.41562836611
28920337,06:50:17,69864.0,1162.7354492783727,38842.41562836611
28925955,06:51:17,69869.0,1122.3041017270832,39700.5821669271
28931540,06:52:17,69885.0,1098.413304275301,40123.67634484373
28937184,06:53:18,69889.0,1062.3348131956736,40036.6292909269
28942774,06:54:18,69889.0,1062.3348131956736,40036.6292909269
28948076,06:55:18,69890.0,1085.0953735606977,39822.390898972124
28953707,06:56:18,69891.0,1173.0419910981975,40338.32860904014
28959330,06:57:18,69900.0,1259.5699634813532,40743.12149401298
28964891,06:58:18,69925.0,976.71246541101,46380.53495416573
28970473,06:59:18,69938.0,875.5827910607688,44717.14744254209
28976057,07:00:18,69974.0,637.0580909307773,43514.656872429936
28981627,07:01:18,69978.0,618.3803007786432,42865.74437827732
28987302,07:02:18,69978.0,618.3803007786432,42865.74437827732
28992889,07:03:18,69978.0,618.3803007786432,42865.74437827732
28998398,07:04:18,69978.0,618.3803007786432,42865.74437827732
29004008,07:05:18,69980.0,677.3125687855432,43309.112973325646
29009551,07:06:18,69995.0,648.3222344322215,41882.6589547521
29015090,07:07:18,70018.0,660.5559887628428,41901.13538445069
29020492,07:08:18,70020.0,665.5499463399191,44758.8072816986
29025777,07:09:18,70020.0,665.5499463399191,44758.8072816986
29031373,07:10:18,70034.0,693.777213719317,43677.435882476784
29036948,07:11:18,70041.0,653.1468252638891,43497.26254385346
29042471,07:12:18,70059.0,575.598166622683,44472.32165418819
29048011,07:13:18,70091.0,450.77403200422856,40917.32320407936
29053550,07:14:19,70122.0,336.91603172067977,39387.20784538417
29059093,07:15:19,70145.0,265.46052993912986,38585.49759312782
29064536,07:16:19,70204.0,138.51186450482672,38443.131693532465
29069971,07:17:19,70282.0,19.239715851165155,30007.391554685804
29075445,07:18:19,70363.0,-43.39891295991056,25960.177285038408
29080744,07:19:19,70419.0,-52.037512541569484,27758.416947593538
29086155,07:20:19,70467.0,-51.37767445324375,27687.857789568654
29091559,07:21:19,70527.0,-55.688952449594716,33700.7189529528
29097091,07:22:19,70543.0,-36.91554220923497,33314.44377691009
29102646,07:23:19,70574.0,-36.40833322620867,34151.900745329986
29108192,07:24:19,70601.0,5.553408842518121,32314.150630775242
29113684,07:25:19,70630.0,18.462255778374914,33872.60508536549
29119252,07:26:19,70657.0,18.5025831411766,32456.191824702615
29124619,07:27:19,70673.0,23.004523638594783,34041.06426969783
29130131,07:28:19,70696.0,25.269858092301348,35125.79274828351
29135692,07:29:19,70712.0,37.59820722318922,34347.68468247518
29141235,07:30:19,70746.0,71.79380898357905,34823.01701030258
29146767,07:31:19,70765.0,76.76307091813499,37289.29035268463
29152215,07:32:20,70845.0,0.24895923488031002,34796.06811896485
29157760,07:33:20,70880.0,-8.769894296617622,33847.70189075842
29163308,07:34:20,70912.0,6.774604604881883,34274.70691612304
29168825,07:35:20,70937.0,1.2359360607277152,33257.22107921877
29174344,07:36:20,70973.0,22.866386751520576,35138.3761283905
29179809,07:37:20,71021.0,-1.1522141852203474,34575.760968052346
29185341,07:38:20,71036.0,7.165123434208072,35608.63168593086
29190870,07:39:20,71045.0,23.223738625574455,36226.55121277573
29196470,07:40:20,71055.0,61.98397233209082,36154.98960099032
29202087,07:41:20,71057.0,61.267046138247075,35506.008507029765
29207657,07:42:20,71081.0,157.51341737009622,37400.06651291005
29213216,07:43:20,71105.0,133.86763244087126,39276.239355729995
29218826,07:44:20,71113.0,138.8260557757737,39546.513601371356
29224397,07:45:20,71128.0,165.75188828652333,38315.35839194982
29229893,07:46:20,71133.0,157.52538459516117,37950.329248271875
29235495,07:47:20,71148.0,207.34574280371223,39383.293465364404
29240995,07:48:20,71158.0,216.93153840909252,39010.35198388415
29246171,07:49:20,71170.0,233.99546379887244,40331.12975740628
29251735,07:50:20,71180.0,248.84074277152178,40742.34190901575
29257306,07:51:20,71185.0,275.1717723184182,42016.04717237451
29262882,07:52:21,71190.0,299.8062902204982,40863.173181560756
29268495,07:53:21,71197.0,281.7299577492848,39063.81580449092
29274091,07:54:21,71197.0,281.7299577492848,39063.81580449092
29279303,07:55:21,71197.0,281.7299577492848,39063.81580449092
29284855,07:56:21,71197.0,281.7299577492848,39063.81580449092
29290460,07:57:21,71201.0,373.14873159161806,39569.55312861315
29296091,07:58:21,71202.0,369.4338215798016,39553.21325793722
29301676,07:59:21,71205.0,648.0184281701792,40266.45758196803
29307174,08:00:21,71213.0,691.0755889951372,42301.312576676275
29312765,08:01:21,71237.0,543.2459444986516,40161.717384354444
29318069,08:02:21,71237.0,543.2459444986516,40161.717384354444
29323669,08:03:21,71237.0,543.2459444986516,40161.717384354444
29329219,08:04:21,71238.0,580.3923964047972,39977.92170217778
29334866,08:05:21,71243.0,545.5489058068133,40003.65653889794
29340579,08:06:21,71243.0,545.5489058068133,40003.65653889794
29346217,08:07:21,71246.0,555.8229234061631,39649.62518331228
29351825,08:08:21,71259.0,792.9947917092013,37474.162845289844
29357467,08:09:21,71268.0,749.8357707398353,38009.73648406427
29363084,08:10:21,71268.0,749.8357707398353,38009.73648406427
29368656,08:11:21,71278.0,775.1153294236814,38165.5574439612
29374305,08:12:21,71292.0,724.2262340216953,38405.772551427304
29379914,08:13:21,71310.0,622.5821554953225,40017.09064102102
29385401,08:14:21,71323.0,570.5503464985719,39777.19182367747
29390986,08:15:21,71339.0,531.1318712418409,39106.234044433244
29396585,08:16:21,71352.0,502.4119113019496,40754.92295377933
29402120,08:17:21,71364.0,456.38992128029054,40027.34429597267
29407804,08:18:21,71370.0,438.39632516499233,39047.27676006915
29413414,08:19:21,71377.0,411.3831312014526,37863.57156352608
29418971,08:20:21,71377.0,411.3831312014526,37863.57156352608
29424501,08:21:21,71381.0,410.5034362677455,38666.77163036672
29430014,08:22:21,71386.0,488.12063960669263,38776.37764886396
29435584,08:23:21,71394.0,579.2433614749632,38960.71477373209
29441110,08:24:21,71424.0,493.3406090209577,36230.99216790421
29446525,08:25:22,71424.0,493.3406090209577,36230.99216790421
29452128,08:26:22,71434.0,568.4929225806353,36923.654716121426
29457711,08:27:22,71454.0,467.3968039869443,34803.78880997994
29463306,08:28:22,71472.0,442.74557953708876,34517.50661771076
29468890,08:29:22,71499.0,333.55169180835685,33484.33805203336
29474498,08:30:22,71520.0,299.8454159506065,32771.35056256586
29479915,08:31:22,71578.0,144.12874823886474,33194.90102593617
29485510,08:32:22,71602.0,113.01813101402449,35979.205392253665
29491008,08:33:22,71612.0,150.94913570890617,35045.4990657546
29496526,08:34:22,71663.0,73.00967094447239,37015.342809731635
29502030,08:35:22,71680.0,72.460229484781,37184.09657808974
29507571,08:36:22,71713.0,49.90591786779234,37839.32256990805
29513168,08:37:22,71751.0,40.616720952721636,36616.18095451658
29518736,08:38:22,71791.0,30.43603949079044,41304.772480393476
29524304,08:39:22,71808.0,44.447344173935406,40376.74382272941
29529926,08:40:22,71813.0,44.089355316140825,41535.54829815831
29535539,08:41:22,71828.0,93.88727839978345,40623.6891233167
29541099,08:42:22,71842.0,91.15669546957145,40238.16032387665
29546570,08:43:22,71843.0,96.22216656073266,40750.76660616668
29552278,08:44:22,71844.0,160.88216720378972,42175.94755981887
29557831,08:45:22,71855.0,168.8732008321942,42186.64469389764
29563403,08:46:22,71868.0,294.50185496157576,46473.058462479814
29568982,08:47:22,71894.0,228.34715113075544,44556.44947890795
29574559,08:48:22,71925.0,189.49414118635448,47878.55263991815
29580097,08:49:22,71975.0,94.49030976423697,46702.92934734412
29585526,08:50:22,71983.0,99.81153187557476,45560.6870867258
29591059,08:51:22,72001.0,103.5753474811187,45534.8170292786
29596502,08:52:22,72008.0,95.09049220462818,46800.58703137967
29602138,08:53:22,72008.0,95.09049220462818,46800.58703137967
29607581,08:54:22,72013.0,130.3448006756432,47495.33395190961
29613209,08:55:22,72015.0,126.99812733160783,47176.36151950847
29618812,08:56:22,72017.0,227.9347870006361,46696.805727539904
29624414,08:57:22,72020.0,228.26482343062258,47227.08626126772
29630030,08:58:22,72022.0,327.19485620894216,47617.10586272647
29635597,08:59:22,72031.0,399.6068389445918,45469.80432923622
29641056,09:00:22,72031.0,399.6068389445918,45469.80432923622
29646636,09:01:22,72031.0,399.6068389445918,45469.80432923622
29652248,09:02:22,72032.0,501.34387965848276,45372.23220521944
29657826,09:03:23,72041.0,549.8233401612763,44460.39896916607
29663359,09:04:23,72056.0,549.2482640242172,47168.74354404327
29668973,09:05:23,72066.0,493.40764867997893,45981.07553069485
29674570,09:06:23,72075.0,558.2679412446303,44732.987406368644
29680234,09:07:23,72079.0,565.1226245099425,44949.189181262416
29685811,09:08:23,72097.0,512.4275956389215,41824.175754073265
29691367,09:09:23,72111.0,442.8191119411227,40031.63551618945
29696983,09:10:23,72116.0,421.94970626137433,40162.73650337808
29702606,09:11:23,72123.0,495.62215898980963,40206.19734890679
29708263,09:12:23,72126.0,500.3421602499602,40387.84665000907
29713874,09:13:23,72141.0,540.4543840677333,38452.56437531041
29719473,09:14:23,72177.0,419.1877006169233,42498.89060894658
29725073,09:15:23,72207.0,309.0472025163134,43595.683808075504
29730716,09:16:23,72215.0,284.6458642665263,42840.55839601795
29736337,09:17:23,72219.0,292.6770116696404,42223.62604857283
29741936,09:18:23,72239.0,301.58317843370395,43223.21046455432
29747488,09:19:23,72273.0,248.05236966424616,40620.5409031673
29753078,09:20:23,72278.0,237.47976555015475,41172.626261582765
29758476,09:21:23,72278.0,237.47976555015475,41172.626261582765
29764066,09:22:23,72278.0,237.47976555015475,41172.626261582765
29769740,09:23:23,72281.0,275.65384197915114,41129.49961780797
29775368,09:24:23,72281.0,275.65384197915114,41129.49961780797
29780996,09:25:23,72282.0,307.32881087471117,41227.25547406094
29786549,09:26:23,72297.0,417.30632211760866,41342.45983971685
29792090,09:27:23,72301.0,504.45947665293926,40948.242725132004
29797749,09:28:24,72913.0,220.2849549761122,41632.55087103355
29989452,10:07:59,72921.0,213.349892109674,41807.976780768455
29995123,10:08:59,72921.0,213.349892109674,41807.976780768455
30000747,10:09:59,72921.0,213.349892109674,41807.976780768455
30006340,10:10:59,72939.0,354.61542589536646,38299.707866472585
30011958,10:11:59,72948.0,321.3826234358911,36979.211564722114
30017556,10:12:59,72948.0,321.3826234358911,36979.211564722114
30023222,10:13:59,72949.0,353.1234442003928,36829.97333448338
30028681,10:14:59,72952.0,395.39113828082947,37809.67928304326
30034012,10:15:59,72952.0,395.39113828082947,37809.67928304326
30039614,10:16:59,72955.0,396.9277482085156,38373.946811080015
30045240,10:17:59,72955.0,396.9277482085156,38373.946811080015
30050882,10:18:59,72961.0,631.8545128187992,38967.871201736736
30056296,10:19:59,72963.0,644.4511501498322,38540.50478719824
30061940,10:20:59,72964.0,675.1558633820422,38272.635487157015
30067321,10:21:59,72969.0,656.2139897784255,38609.798500908044
30072928,10:22:59,72969.0,656.2139897784255,38609.798500908044
30078572,10:23:59,72977.0,741.1278823602394,37591.10520775168
30084196,10:24:59,72983.0,744.7675730478592,39532.757631512635
30089777,10:25:59,73006.0,709.952908813449,41506.005643758625
30095334,10:26:59,73021.0,600.1253427583699,40024.450568757624
30100987,10:27:59,73033.0,578.4529873293781,40479.12955244033
30106642,10:29:00,73034.0,584.7428042556884,40432.247523105565
30112272,10:30:00,73038.0,566.7403354979873,39994.43278497053
30117486,10:31:00,73039.0,582.400342039171,40644.41506780928
30123069,10:32:00,73048.0,587.2118070152893,40273.79921721313
30128733,10:33:00,73053.0,564.6686575079344,40476.27053909369
30134360,10:34:00,73056.0,675.1852255840525,40405.46068406125
30139939,10:35:00,73058.0,762.2324158180207,41053.588878261406
30145494,10:36:00,73058.0,762.2324158180207,41053.588878261406
30151064,10:37:00,73059.0,795.502328232183,40789.07785148599
30156614,10:38:00,73064.0,790.545855892227,40639.32828541804
30162208,10:39:00,73065.0,803.5746299098834,40678.731957783966
30167826,10:40:00,73067.0,981.5626544308918,40519.67619534463
30173345,10:41:00,73075.0,918.6183104564099,39767.90118417377
30179009,10:42:00,73078.0,1008.9502255592131,39908.99782062052
30184577,10:43:00,73107.0,776.9869111570896,35948.4399644149
30190188,10:44:00,73113.0,758.938550000072,35113.093196922455
30195455,10:45:00,73121.0,721.5059200923882,37298.632056578004
30201048,10:46:00,73137.0,640.9902919741584,39035.673487283064
30206710,10:47:00,73147.0,641.8020221325008,38160.100157313434
30212278,10:48:00,73156.0,597.515988523202,38507.694321281764
30217969,10:49:00,73156.0,597.515988523202,38507.694321281764
30223590,10:50:00,73156.0,597.515988523202,38507.694321281764
30229228,10:51:00,73162.0,670.1954431922745,39885.54630728366
30234816,10:52:00,73184.0,645.1354225140902,39174.97255077759
30240379,10:53:00,73196.0,606.2785764380744,39327.20472590396
30245989,10:54:00,73213.0,513.3864317535404,38649.92637710705
30251632,10:55:00,73218.0,499.10672753251737,38561.23455826189
30257200,10:56:01,73225.0,493.56033200523865,38697.74655666832
30262820,10:57:01,73226.0,491.3964419789724,38571.78850131486
30268427,10:58:01,73233.0,493.04097764253754,38644.44758064843
30274039,10:59:01,73246.0,549.8689376043176,39074.0156314101
30279666,11:00:01,73246.0,549.8689376043176,39074.0156314101
30285185,11:01:01,73247.0,650.4028066141299,39289.553974145536
30290764,11:02:01,73247.0,650.4028066141299,39289.553974145536
30296402,11:03:01,73255.0,644.830091587893,39833.43040944631
30302073,11:04:01,73257.0,635.2098174251364,39539.14689542381
30307662,11:05:01,73258.0,636.589277192152,39295.47675553916
30313258,11:06:01,73262.0,709.8697492619395,39181.29351171579
30318859,11:07:01,73263.0,808.5855071347808,38912.511060797035
30324545,11:08:01,73275.0,850.7328575267405,39954.70754841361
30330195,11:09:01,73277.0,834.7947226494994,39272.805685843865
30335829,11:10:01,73286.0,792.6070035155731,39756.882572366405
30341457,11:11:02,73287.0,783.6610904673389,40108.91684173552
30347064,11:12:02,73289.0,792.8933883976205,40936.56109179537
30352692,11:13:02,73293.0,868.7458147699114,41261.54895886024
30358313,11:14:02,73314.0,850.8772366653418,41188.474190633395
30363958,11:15:02,73315.0,841.8009467937442,40892.31117918818
30369605,11:16:02,73318.0,836.726689343976,40615.746554641395
30375196,11:17:02,73341.0,755.9758992086286,39283.228242156154
30380847,11:18:02,73346.0,726.4057310516548,39493.9608163128
30386529,11:19:02,73346.0,726.4057310516548,39493.9608163128
30392166,11:20:02,73346.0,726.4057310516548,39493.9608163128
30397804,11:21:02,73346.0,726.4057310516548,39493.9608163128
30403430,11:22:02,73349.0,763.6463508364548,39791.998734828136
30409050,11:23:02,73355.0,721.5585344183322,38690.689967425795
30414668,11:24:02,73368.0,932.0654575106236,38842.594985228665
30420311,11:25:02,73383.0,816.108334010057,37842.94672002233
30425771,11:26:02,73384.0,810.8455372183956,37717.26406435747
30431396,11:27:02,73385.0,833.2690221029662,38248.59071989748
30437020,11:28:02,73386.0,863.8909400679495,38154.494061547586
30442073,11:29:03,73405.0,839.4554632195102,37522.16070492662
30446974,11:30:03,73415.0,763.663811981297,35781.429150031676
30452346,11:31:03,73425.0,721.8522432148826,36133.33492492487
30457276,11:32:03,73425.0,721.8522432148826,36133.33492492487
30461931,11:33:03,73440.0,725.9079574408908,37150.24478203898
30466496,11:34:03,73451.0,674.2131884130896,36558.38462196706
30471173,11:35:03,73456.0,645.6116683911587,36198.5889701157
30475711,11:36:03,73462.0,635.5885565778258,37145.21013428626
30480212,11:37:03,73473.0,574.9182783208652,35061.272254573356
30484714,11:38:03,73474.0,569.751443418297,34774.67667206325
30488730,11:39:03,73478.0,570.8600802688121,35387.81871872732
30492968,11:40:03,73478.0,570.8600802688121,35387.81871872732
30497558,11:41:03,73483.0,561.0393778391921,34915.65802645124
30502262,11:42:03,73492.0,608.5495064367589,33958.72530710748
30507006,11:43:03,73492.0,608.5495064367589,33958.72530710748
30511707,11:44:03,73499.0,710.4034532273226,33806.12239326674
30516261,11:45:03,73506.0,681.4742426964534,35019.866733906914
30520827,11:46:03,73511.0,731.9520868681717,36127.44694461561
30525388,11:47:03,73518.0,686.3445067812645,36519.11002706365
30529773,11:48:03,73518.0,686.3445067812645,36519.11002706365
30534088,11:49:03,73519.0,741.5231649447448,36335.09585661267
30538399,11:50:03,73519.0,741.5231649447448,36335.09585661267
30542749,11:51:03,73519.0,741.5231649447448,36335.09585661267
30547087,11:52:03,73519.0,741.5231649447448,36335.09585661267
30551408,11:53:04,73519.0,741.5231649447448,36335.09585661267
30555728,11:54:04,73521.0,832.1262902341073,35964.6631662766
30560240,11:55:04,73530.0,920.0600701542278,37411.94718926031
30564591,11:56:04,73535.0,982.1566957416011,36845.70548658233
30569162,11:57:04,73541.0,953.5749180747697,36191.5768937534
30573614,11:58:04,73543.0,942.2470162536615,36081.08140161274
30578186,11:59:04,73544.0,945.4621080002914,35872.419071357566
30582656,12:00:04,73548.0,907.9834519052233,34904.87960512789
30587108,12:01:04,73554.0,902.2397468109007,36803.46792317388
30591751,12:02:04,73555.0,900.9240178809326,36653.254658590435
30596354,12:03:04,73564.0,928.985025242036,35822.26544245518
30600763,12:04:04,73567.0,898.7952848606728,35837.18572780538
30605151,12:05:04,73568.0,996.3217020107685,35983.63932447384
30609680,12:06:04,73568.0,996.3217020107685,35983.63932447384
30614431,12:07:04,73571.0,993.265440773606,36479.05851948327
30619081,12:08:04,73571.0,993.265440773606,36479.05851948327
30623812,12:09:04,73571.0,993.265440773606,36479.05851948327
30628292,12:10:04,73574.0,1066.2312339788637,35854.70029588108
30632773,12:11:05,73574.0,1066.2312339788637,35854.70029588108
30637181,12:12:05,73578.0,1231.110328378941,35871.24866387602
30641727,12:13:05,73586.0,1129.0728244797724,34967.572324976114
30647164,12:14:05,73586.0,1129.0728244797724,34967.572324976114
30652693,12:15:05,73589.0,1189.3990770560008,34643.66432040786
30658249,12:16:05,73592.0,1163.646999227286,34637.86044339624
30663701,12:17:05,73595.0,1243.7161962188254,35010.94784742318
30669191,12:18:05,73616.0,1133.0275832928298,33463.35863319543
30674671,12:19:05,73648.0,824.2108563625914,33369.498941074045
30680172,12:20:05,73669.0,676.2397988723031,34504.538641116545
30685815,12:21:05,73688.0,565.8755130846803,33813.57480396124
30691423,12:22:05,73695.0,572.1461925799358,32468.109140677603
30697103,12:23:05,73699.0,557.5949703317482,32954.18991514704
30702598,12:24:05,73701.0,567.6252962790004,34689.22046175857
30708239,12:25:05,73706.0,685.4349699709509,34684.29822746748
30713881,12:26:05,73717.0,644.9240940069129,37306.9930179461
30719505,12:27:05,73718.0,646.2187981622225,37047.014573986555
30725103,12:28:05,73728.0,678.8182118870825,37784.85196268071
30730689,12:29:05,73737.0,623.282929648568,37396.02988790747
30736303,12:30:05,73740.0,609.0516565122257,36572.40387875264
30741640,12:31:05,73740.0,609.0516565122257,36572.40387875264
30747171,12:32:05,73740.0,609.0516565122257,36572.40387875264
30752736,12:33:05,73740.0,609.0516565122257,36572.40387875264
30758350,12:34:06,73744.0,670.1225757855941,36936.17676165772
30763907,12:35:06,73754.0,821.3064878766822,36225.508614137674
30769438,12:36:06,73783.0,683.2095585914124,36608.372201509206
30774986,12:37:06,73818.0,477.98487556833294,33388.634141703784
30780583,12:38:06,73840.0,387.9227480754479,33954.077196091974
30786181,12:39:06,73850.0,360.71733884889943,35820.20915362968
30791839,12:40:06,73856.0,382.246804274473,35918.782326518856
30797434,12:41:06,73860.0,429.99746145110345,39465.65997907106
30803072,12:42:06,73864.0,438.9200059968223,40234.08217963113
30808706,12:43:06,73864.0,438.9200059968223,40234.08217963113
30814329,12:44:06,73866.0,461.83223677145327,40859.71497650209
30819904,12:45:06,73883.0,559.9310119820709,39513.71858588904
30825537,12:46:06,73884.0,557.4030074964819,39943.36259994258
30831163,12:47:06,73887.0,564.015415233216,40081.77079210983
30836780,12:48:06,73890.0,590.4173765265618,41137.04730958984
30842377,12:49:06,73893.0,569.1568681036958,41610.02705181393
30848013,12:50:06,73893.0,569.1568681036958,41610.02705181393
30853646,12:51:07,73893.0,569.1568681036958,41610.02705181393
30859152,12:52:07,73954.0,434.9217328916607,34070.31237142847
30864625,12:53:07,74019.0,162.6171453385183,29718.576382825
30870162,12:54:07,74066.0,55.06876206576244,27850.324490389394
30875703,12:55:07,74104.0,-4.064565738860425,27208.611651452276
30881312,12:56:07,74111.0,-13.278426024096406,28329.69939335157
30886943,12:57:07,74111.0,-13.278426024096406,28329.69939335157
30892450,12:58:07,74167.0,-68.88900793674243,31926.016298351504
30897941,12:59:07,74223.0,-93.84092361325163,27477.445739916395
30903539,13:00:07,74231.0,-97.97467483921254,27739.29009966365
30909036,13:01:07,74271.0,-111.12923251191833,27193.79675325418
30914238,13:02:07,74348.0,-125.47189831683163,26925.469414255953
30919625,13:03:07,74449.0,-125.21712028041789,24189.28836813404
30925172,13:04:07,74494.0,-124.48827475058495,25999.438069694057
30930750,13:05:07,74508.0,-123.65902349847525,26942.2507718832
30936196,13:06:07,74551.0,-122.4649087891275,25936.253739307875
30941636,13:07:07,74598.0,-114.36150213072973,31872.61084215359
30947098,13:08:07,74664.0,-110.409815740887,31252.96507162833
30952627,13:09:07,74718.0,-114.17311585006964,32088.733440387234
30958135,13:10:07,74745.0,-115.37236136587558,30600.619025746204
30963712,13:11:07,74791.0,-109.56687232985331,30108.57569631294
30969273,13:12:07,74850.0,-114.9875731883482,30119.52460044504
30974842,13:13:08,74874.0,-110.26970962625745,28747.71246794286
30980528,13:14:08,74879.0,-107.06568236712,28337.6289316324
30986132,13:15:08,74901.0,-103.4527098324608,28314.596220073116
30991737,13:16:08,74925.0,-98.6985153219426,29783.092143321268
30997405,13:17:08,74925.0,-98.6985153219426,29783.092143321268
31003007,13:18:08,74949.0,-99.28810130949881,28558.071702889247
31008575,13:19:08,74967.0,-101.98061897173521,29175.134606721265
31014283,13:20:08,74968.0,-81.66096164432075,29521.83897411979
31019856,13:21:08,74991.0,-25.911298053934456,31527.470261245093
31025400,13:22:08,75032.0,-32.693474337655815,34980.66321697546
31031059,13:23:08,75044.0,-21.29480269667307,36239.42314134397
31036664,13:24:08,75081.0,0.397696591865095,38594.80549770129
31042248,13:25:08,75106.0,19.302412300228724,39270.610953721174
31047856,13:26:08,75125.0,30.610089995487293,41436.57390983178
31053448,13:27:08,75158.0,37.822322023640396,44201.15175778996
31059017,13:28:08,75201.0,18.1837231046698,44236.12164417694
31064529,13:29:08,75234.0,10.908329263305767,40205.08947424819
31069795,13:30:09,75268.0,13.222723543390387,46059.442113758
31074982,13:31:09,75305.0,6.514685466916345,45113.829586187785
